window_end,pvalue,beta,is_cointegrated
2018-12-19,0.01426819364893779,0.996949673090046,True
2018-12-26,0.008795516070808713,0.9970102125489191,True
2019-01-02,0.11830299201922528,0.9976760213302531,False
2019-01-09,0.0026154576466086436,0.9974246462636915,True
2019-01-16,0.005417685450652195,0.9972855252645699,True
2019-01-23,0.0051755638695549664,0.9971774763413443,True
2019-01-30,0.005281127649294512,0.9971222245396651,True
2019-02-06,0.003867589303478883,0.9971554973891305,True
2019-02-13,0.0038317066345565807,0.9971948399760109,True
2019-02-20,0.003446284273303297,0.9972496465351572,True
2019-02-27,0.003359832890220787,0.9972483977196869,True
2019-03-06,0.03294671487811134,0.9972396032737048,True
2019-03-13,0.001318508768645376,0.9972693344019523,True
2019-03-20,0.008051966273427382,0.9970440299415297,True
2019-03-27,0.008964681214966842,0.9970713587771768,True
2019-04-03,0.0075437767800872945,0.9969884298981952,True
2019-04-10,0.006999781754217182,0.9971331745405049,True
2019-04-17,0.005095014848042989,0.9972315053758887,True
2019-04-24,0.0018312372447165392,0.9973700180899258,True
2019-05-01,0.0026374063897824686,0.9975959381037897,True
2019-05-08,0.001791538492910928,0.9976266965952701,True
2019-05-15,0.0011520605034477755,0.9976851979412031,True
2019-05-22,0.0011098489000237737,0.9976985903098019,True
2019-05-29,0.000915891456594387,0.9976819717263006,True
2019-06-05,0.0004577172548426507,0.9977167401000624,True
2019-06-12,0.00030299404829662533,0.9977298363029157,True
2019-06-19,0.0002904089869206025,0.9977945261357449,True
2019-06-26,3.66628690480863e-05,0.997924550596438,True
2019-07-03,0.0001973955846988296,0.9977646901766308,True
2019-07-10,0.00019730769684789837,0.9976309481998935,True
2019-07-17,6.467337239455638e-05,0.9975995801730423,True
2019-07-24,2.5881519884202032e-05,0.997520930217397,True
2019-07-31,4.2283228933417486e-05,0.9973978877369034,True
2019-08-07,2.595512148678645e-05,0.9973255657909049,True
2019-08-14,2.9509565719514926e-05,0.9972134245034289,True
2019-08-21,7.696463228198132e-05,0.9970880701155656,True
2019-08-28,6.681578789381081e-05,0.9970725767073052,True
2019-09-04,0.00010268943909125614,0.9969559278731149,True
2019-09-11,0.00013263358319866487,0.996772825282171,True
2019-09-18,0.00031815048172292214,0.9966206146029466,True
2019-09-25,0.0002671651185074143,0.996670292071465,True
2019-10-02,0.13481102576009207,0.9965815652980679,False
2019-10-09,0.15711295405410836,0.9964941609208421,False
2019-10-16,0.18826721149932407,0.9965306076398596,False
2019-10-23,0.2290492992697118,0.9963898950291494,False
2019-10-30,0.1804143844715192,0.9963146435509704,False
2019-11-06,0.07902027829619251,0.9962346149516104,False
2019-11-13,0.008554140646620037,0.9960793862644953,True
2019-11-20,0.04802595061113059,0.9960074707988498,True
2019-11-27,0.15003630765432785,0.9958460529514412,False
2019-12-04,0.11051325954888269,0.9958627333437049,False
2019-12-11,1.6608124805714626e-05,0.995648461946314,True
2019-12-18,4.585417543744256e-05,0.9953576914378842,True
2019-12-25,5.316524158666952e-05,0.9950238059088024,True
2020-01-01,3.715641691159387e-05,0.994998939342519,True
2020-01-08,3.336605479964086e-05,0.9949523890284753,True
2020-01-15,3.129684948797909e-05,0.994944920254017,True
2020-01-22,3.770042840764934e-05,0.9948991567283568,True
2020-01-29,3.548828336282815e-05,0.9948897704720632,True
2020-02-05,2.3713796471405283e-05,0.9948783248294953,True
2020-02-12,3.562389428311847e-05,0.9948144163167143,True
2020-02-19,2.4486880907536737e-05,0.9949581714379676,True
2020-02-26,3.1028340111247076e-05,0.9949107097427106,True
2020-03-04,1.3979022007062602e-07,0.9947240269664971,True
2020-03-11,7.230760123942868e-06,0.9946429024884761,True
2020-03-18,0.18885519448834298,0.9960592802313116,False
2020-03-25,0.0787343058877557,0.9967287657697557,False
2020-04-01,4.9014617274705893e-08,0.9966711742205977,True
2020-04-08,0.0031946388099380442,0.9966805653093521,True
2020-04-15,0.003705093612852675,0.9966391941189578,True
2020-04-22,0.004781840045376892,0.9966039702571721,True
2020-04-29,0.007038037687777958,0.996604943648947,True
2020-05-06,0.012685048049362753,0.996579296650757,True
2020-05-13,0.01616532567374825,0.9965591610612011,True
2020-05-20,0.013805522659668609,0.9965531103033953,True
2020-05-27,0.0219125926119425,0.9965928366870433,True
2020-06-03,0.023811261999262357,0.9966375731394499,True
2020-06-10,0.03967651366689567,0.9967903436552941,True
2020-06-17,0.04626153832761396,0.9968378511647559,True
2020-06-24,0.04416292321224576,0.9968812200752132,True
2020-07-01,0.041695932149363055,0.9968825728045925,True
2020-07-08,0.054551088255560314,0.9969564572407426,False
2020-07-15,0.049522354957975086,0.9969806324137332,True
2020-07-22,0.057028050216205696,0.9970215714642485,False
2020-07-29,0.05431331078036947,0.9970876125837109,False
2020-08-05,0.061748503709272935,0.9971352709981882,False
2020-08-12,0.060900407545542455,0.9971837728684694,False
2020-08-19,0.06759693447283616,0.9972273794956616,False
2020-08-26,0.07275520273972026,0.9972910348776318,False
2020-09-02,0.0725569427769949,0.9973252045624703,False
2020-09-09,0.07255983436534938,0.9973518416031464,False
2020-09-16,0.07496725920329819,0.9973967240531012,False
2020-09-23,0.0721611705475524,0.9973854228351539,False
2020-09-30,0.07479641598763687,0.9973969492719466,False
2020-10-07,0.07711433550405798,0.9974416404879756,False
2020-10-14,0.08122072912952738,0.9974834876392698,False
2020-10-21,0.08524031228463069,0.997534665125765,False
2020-10-28,0.08341349846474566,0.9975402506054172,False
2020-11-04,0.08469093078524748,0.9975513747572076,False
2020-11-11,0.08520910519383018,0.9975693256939864,False
2020-11-18,0.0764039374939033,0.9976127756855437,False
2020-11-25,0.07384090348081686,0.9976370659743746,False
2020-12-02,0.07489850300075362,0.997680957357181,False
2020-12-09,0.05929932332924555,0.9976654710059111,False
2020-12-16,0.043868543204880324,0.9976882453223753,True
2020-12-23,0.03996843305330174,0.997669553290308,True
2020-12-30,0.027989790885794345,0.9976645981473165,True
2021-01-06,0.01725596486008581,0.9975789947682402,True
2021-01-13,0.013727131907788917,0.9975549713850811,True
2021-01-20,0.009486818244289558,0.9975240223265056,True
2021-01-27,0.03388393744280348,0.9974819213190762,True
2021-02-03,0.13089768565347742,0.997454313818622,False
2021-02-10,6.249761161947996e-06,0.9974213741503217,True
2021-02-17,0.0004903768993665783,0.9974520413569794,True
2021-02-24,0.0019532090018177604,0.9974345902032369,True
2021-03-03,0.8435103754988973,0.9973449059238507,False
2021-03-10,0.023169080969732556,0.9967078657619315,True
2021-03-17,3.5282043847227866e-16,0.9964679025650682,True
2021-03-24,0.0013866690428343638,0.9964575635151391,True
2021-03-31,1.0934420395083325e-10,0.9964336720888947,True
2021-04-07,0.06096956543332898,0.9964597671439657,False
2021-04-14,4.590723525653607e-11,0.9964734452735571,True
2021-04-21,7.923157528796121e-08,0.996530222691147,True
2021-04-28,6.151184416462598e-08,0.9964908063143874,True
2021-05-05,8.108991006103266e-14,0.9965500442240837,True
2021-05-12,2.963552635292119e-13,0.9965284119819189,True
2021-05-19,1.6674923408387895e-21,0.9965397995403852,True
2021-05-26,3.5829843131597026e-12,0.9965434514238056,True
2021-06-02,1.2784504360851659e-11,0.9965241270371987,True
2021-06-09,3.235606621934485e-12,0.9965253004128618,True
2021-06-16,1.4706693373176619e-12,0.9964711471624765,True
2021-06-23,2.627526768026146e-20,0.9964208226907917,True
2021-06-30,4.456833883996169e-20,0.9963761725634197,True
2021-07-07,0.007525476325734155,0.9963713254593873,True
2021-07-14,0.00520823503734982,0.9963608549777985,True
2021-07-21,8.813953511395185e-21,0.9963024161516059,True
2021-07-28,3.708937901653415e-21,0.9963010077786405,True
2021-08-04,1.1996477149246243e-21,0.9962831408226113,True
2021-08-11,1.1644538062104381e-21,0.996273610148344,True
2021-08-18,3.8798077950185206e-22,0.9963306550499174,True
2021-08-25,2.300450116686403e-22,0.9963070640621023,True
2021-09-01,1.0538932313677145e-21,0.9962419042667103,True
2021-09-08,8.8523275604839e-22,0.9961377510927989,True
2021-09-15,8.325079454594544e-22,0.9960555993900875,True
2021-09-22,9.700658760891527e-22,0.9960442639072531,True
2021-09-29,3.86356525123179e-21,0.9960152245301337,True
2021-10-06,1.9968537975267638e-20,0.9959714333278765,True
2021-10-13,5.046033404381782e-21,0.9959769982526481,True
2021-10-20,9.145371259582578e-21,0.9958154937050259,True
2021-10-27,1.1927250269883062e-20,0.9957662517839294,True
2021-11-03,1.638377319832879e-20,0.9957516791149288,True
2021-11-10,1.847860002374592e-20,0.9956971299533521,True
2021-11-17,1.911400814088242e-20,0.9956870821441873,True
2021-11-24,1.603116899750691e-20,0.9957160935547582,True
2021-12-01,1.069797912250732e-20,0.9956977464509766,True
2021-12-08,1.0421550014940197e-20,0.9956807677470112,True
2021-12-15,3.335112661578957e-20,0.9956046141026734,True
2021-12-22,4.534999241701086e-22,0.9954766774239499,True
2021-12-29,3.7402756162860408e-22,0.9954686568316522,True
2022-01-05,5.414877951698822e-22,0.9954857119985216,True
2022-01-12,8.225047852330138e-23,0.995541525465086,True
2022-01-19,8.33087266477085e-23,0.9954128783350706,True
2022-01-26,2.270148323220948e-22,0.9953899486029301,True
2022-02-02,4.6104569882933664e-23,0.9953588955692383,True
2022-02-09,9.559473618167674e-23,0.995241215723747,True
2022-02-16,1.0274391232774195e-22,0.9951979980215885,True
2022-02-23,1.7997163231453288e-22,0.995076927833838,True
2022-03-02,2.0490697795102434e-22,0.9950513272802293,True
2022-03-09,9.23550506974671e-22,0.9951162254350281,True
2022-03-16,0.06410986512877612,0.9952269511371257,False
2022-03-23,0.024655359942875966,0.9952012640455974,True
2022-03-30,0.49493739792245006,0.9952050915619347,False
2022-04-06,0.4801127668179848,0.9952128917991915,False
2022-04-13,0.4040243183215545,0.9951534455920118,False
2022-04-20,0.5574157151375932,0.9952751164596341,False
2022-04-27,0.9790300947805227,0.9955483536958261,False
2022-05-04,0.9524681505318104,0.9957155179862869,False
2022-05-11,0.9731819969925123,0.996232387718558,False
2022-05-18,0.9274464676839231,0.9966738623288274,False
2022-05-25,0.9204710847748905,0.9973380732060065,False
2022-06-01,0.6257082336451699,0.9978766203900962,False
2022-06-08,0.1862623917531933,0.9981473481564975,False
2022-06-15,0.6367232628506353,0.9980756518275532,False
2022-06-22,0.015457386701692269,0.9979361009168631,True
2022-06-29,0.011927446211321066,0.9979280352239758,True
2022-07-06,0.01784846150245133,0.9977934286617408,True
2022-07-13,0.012791373299430529,0.9977375809639473,True
2022-07-20,0.009793349852459598,0.9977171491666527,True
2022-07-27,0.0034240348809538236,0.9976889018615253,True
2022-08-03,0.0040177398764160484,0.9976878961998281,True
2022-08-10,0.002279511779488289,0.9976542291268846,True
2022-08-17,0.003451532199682936,0.997620133605088,True
2022-08-24,0.0038419146485104325,0.9975897149747435,True
2022-08-31,0.0016514191896764274,0.9975329733807643,True
2022-09-07,0.004005724391139871,0.9974745486818046,True
2022-09-14,0.0035679223019257464,0.9974381159923619,True
2022-09-21,0.0041259314386983695,0.9973563285989006,True
2022-09-28,0.0027535276496742627,0.9973683378376499,True
2022-10-05,0.0034497732350578796,0.9973286728647366,True
2022-10-12,0.0028320231292279043,0.9973229940007398,True
2022-10-19,0.0029321015103295285,0.997285930416816,True
2022-10-26,0.0031348416630382343,0.997267271177267,True
2022-11-02,0.003079816263454715,0.9972464496460501,True
2022-11-09,0.00207407824102082,0.9972163119281687,True
2022-11-16,0.003907436841609593,0.9971492372346524,True
2022-11-23,0.004762767515977608,0.9971598308835914,True
2022-11-30,0.005051064831003069,0.9971921794965195,True
2022-12-07,0.007006900624890931,0.9972073984716553,True
2022-12-14,0.007034711611745015,0.9971733132555833,True
2022-12-21,0.00076363949856382,0.9970773511617208,True
2022-12-28,0.003322832762480626,0.9969115240531033,True
2023-01-04,0.0017943168397545797,0.996835617802728,True
2023-01-11,0.0016433258701608084,0.996781929408227,True
2023-01-18,0.00482618701577336,0.9967467291950775,True
2023-01-25,0.004036810068790821,0.996718684560872,True
2023-02-01,0.002502883614530776,0.9966066995968987,True
2023-02-08,0.0034430012285000242,0.9965081015920629,True
2023-02-15,0.004120191150766056,0.9964174166261373,True
2023-02-22,0.029799094983653147,0.996359563629098,True
2023-03-01,0.02765547689233188,0.9963616429767597,True
2023-03-08,0.05351833667152669,0.9961465111863632,False
2023-03-15,0.055572307584862556,0.9961695970691786,False
2023-03-22,0.04055526728218845,0.9962630404928172,True
2023-03-29,0.05876083591131208,0.99614655990372,False
2023-04-05,0.05629566803801815,0.9961094722275717,False
2023-04-12,0.0733327833444925,0.996011527914433,False
2023-04-19,0.06652532953611842,0.9959628834948295,False
2023-04-26,0.09500112723936316,0.9958894288109533,False
2023-05-03,0.02999208470623659,0.9958749075682152,True
2023-05-10,0.005014496402347441,0.9958563616737985,True
2023-05-17,0.07800040713078733,0.9959293125890917,False
2023-05-24,0.19509954027479387,0.9960493647029671,False
2023-05-31,0.19503102198527905,0.996075140297636,False
2023-06-07,0.2172293304330954,0.9959908130575499,False
2023-06-14,0.21485875078614836,0.995810173053322,False
2023-06-21,0.2327037142081893,0.9958115147447673,False
2023-06-28,0.21202696399063453,0.995744201002641,False
2023-07-05,0.5082396199203114,0.9952913614330157,False
2023-07-12,0.34300463456673236,0.9952029976281245,False
2023-07-19,0.13993440452964478,0.995067112489423,False
2023-07-26,2.2557937987411845e-21,0.9949926110446137,True
2023-08-02,5.650370028367042e-22,0.9949476607841935,True
2023-08-09,1.373678782712481e-23,0.9948544572138638,True
2023-08-16,3.972344962403441e-24,0.9947601576073913,True
2023-08-23,2.155417862614963e-24,0.9948130388333264,True
2023-08-30,5.947816433349071e-25,0.9947702684680215,True
2023-09-06,6.355260743837221e-26,0.9947702535120915,True
2023-09-13,9.706574378517336e-26,0.9946855153148934,True
2023-09-20,3.3971068404433295e-26,0.9944989528869642,True
2023-09-27,1.6077859805005129e-25,0.9943899612022977,True
2023-10-04,0.6106583625246869,0.9942436945431403,False
2023-10-11,0.5881974844036091,0.9941350558227336,False
2023-10-18,0.7978967407266757,0.9940499832617047,False
2023-10-25,0.9390683580304058,0.9939822062724046,False
2023-11-01,0.8341812003690301,0.9939735562994185,False
2023-11-08,0.5162829162472875,0.993929650766172,False
2023-11-15,0.6300030875504558,0.9938032202211123,False
2023-11-22,0.6011595706192928,0.9937061741773833,False
2023-11-29,0.5992379411726386,0.9935959851637801,False
2023-12-06,0.3019773122517464,0.9934756146316925,False
2023-12-13,0.3848597672584788,0.9932746669291268,False
2023-12-20,0.1927692145200275,0.9932315028416036,False
2023-12-27,0.18472667095371426,0.9932228486682378,False
2024-01-03,0.3528270374720395,0.9931278143148677,False
2024-01-10,0.018593004077022034,0.993111336643463,True
2024-01-17,0.6555441466031606,0.9930045657729645,False
2024-01-24,0.6551966387750676,0.9931138953944151,False
2024-01-31,0.6513717569446356,0.9931079272003069,False
2024-02-07,0.6902358805568622,0.9931409472645729,False
2024-02-14,0.6907068450359917,0.9931682117268831,False
2024-02-21,0.7238883952048027,0.9932335454194177,False
2024-02-28,0.7421694805705252,0.9932331534543944,False
2024-03-06,0.7566959250410972,0.9933106512058998,False
2024-03-13,0.7091628540093078,0.9932232326391761,False
2024-03-20,0.7938111166105244,0.9935567661483832,False
2024-03-27,0.8083509772967251,0.993632565682361,False
2024-04-03,0.6127131774546191,0.9935515717656841,False
2024-04-10,0.5985881360724299,0.9936396418133008,False
2024-04-17,0.5738785959546516,0.9936454447691537,False
2024-04-24,0.554766422611087,0.993696525518895,False
2024-05-01,0.5382158953593815,0.9937216361601534,False
2024-05-08,0.5504006820812977,0.9937421607974268,False
2024-05-15,0.4911872234692703,0.9937560200937288,False
2024-05-22,0.4351253891724204,0.9938473902408897,False
2024-05-29,0.3200601082724588,0.9938256314075866,False
2024-06-05,3.275368740676906e-06,0.9938995068973262,True
2024-06-12,6.666776238982642e-07,0.9939149789627448,True
2024-06-19,5.288486133406758e-06,0.9939295927200786,True
2024-06-26,0.31866301790076335,0.9940530109780008,False
2024-07-03,0.13492443940317517,0.9940257468084184,False
2024-07-10,9.46312550268089e-18,0.9940268275006496,True
2024-07-17,1.482299340244067e-18,0.9940469948073369,True
2024-07-24,2.920471694518254e-19,0.9940746055114527,True
2024-07-31,3.511138497764525e-18,0.9941584307437308,True
2024-08-07,1.6588436570466803e-20,0.9941462739121625,True
2024-08-14,1.7696676509292113e-20,0.9941566528048189,True
2024-08-21,6.721892645497743e-20,0.9941245104858154,True
2024-08-28,3.761839607217554e-21,0.9941801116801674,True
2024-09-04,8.495671673236449e-20,0.9941643223807108,True
2024-09-11,1.6416857232931195e-20,0.9941567949109169,True
2024-09-18,1.2346607304458375e-20,0.9941138426437084,True
2024-09-25,9.990864276334908e-21,0.9940922278747402,True
2024-10-02,4.381838419571558e-21,0.9939780985160842,True
2024-10-09,1.471023999077394e-21,0.9938286306929893,True
2024-10-16,3.6369350643192184e-22,0.9936512580726686,True
2024-10-23,5.500312867296837e-22,0.9935317226741331,True
2024-10-30,4.667024437579979e-22,0.9934666714353668,True
2024-11-06,4.6355534479351165e-22,0.9934104699198005,True
2024-11-13,4.1202576026473355e-22,0.9933596358301973,True
2024-11-20,4.548359836765666e-22,0.9932791908299672,True
2024-11-27,3.7733129000599397e-23,0.9932161718946143,True
2024-12-04,2.5094368253385083e-24,0.9931139451606286,True
2024-12-11,3.786099304203819e-24,0.9931214097564465,True
2024-12-18,2.1883639791894713e-24,0.9930376012640911,True
2024-12-25,7.292482794164503e-25,0.9930372188865719,True
2025-01-01,7.604689385534669e-25,0.9931292695692695,True
2025-01-08,3.2010486230892498e-25,0.9930617589756277,True
2025-01-15,3.8720739446202683e-25,0.9930171650675352,True
2025-01-22,7.559476215493538e-25,0.993040987364155,True
2025-01-29,1.4093015619587776e-24,0.9929862234634523,True
2025-02-05,1.0978517972035463e-24,0.9929464675004683,True
2025-02-12,1.3060689642424634e-24,0.9929093414960576,True
2025-02-19,9.808601413675358e-25,0.9929753681859839,True
2025-02-26,8.848026189452164e-25,0.992918343824863,True
2025-03-05,8.663782165213512e-25,0.9930263209206462,True
2025-03-12,7.763329138047252e-25,0.9930751533683255,True
2025-03-19,7.512108704016883e-25,0.9931042023655412,True
2025-03-26,5.1725133603003305e-25,0.9931260404166409,True
2025-04-02,6.546397526394841e-25,0.9931492333700223,True
2025-04-09,2.0730327635555468e-11,0.9930398716305253,True
2025-04-16,8.646336571003037e-18,0.9932406682225808,True
2025-04-23,1.4999422736252334e-17,0.9932998256597108,True
2025-04-30,1.813437932196276e-16,0.993374095293059,True
2025-05-07,3.404753923540616e-16,0.9934322975091179,True
2025-05-14,2.7725775006860457e-16,0.9933948575818603,True
2025-05-21,3.2341948025203843e-16,0.9934203983827722,True
2025-05-28,3.7296293337479035e-16,0.9934248698041661,True
2025-06-04,1.7129369515141085e-16,0.9934316764014163,True
2025-06-11,2.438396695493979e-16,0.9935424506469045,True
2025-06-18,2.7731190353687687e-16,0.9934634275469191,True
2025-06-25,2.235309876210604e-16,0.9935310257188856,True
2025-07-02,2.0073420587329633e-16,0.9935228295200073,True
2025-07-09,2.0704925757758454e-16,0.9935027453989272,True
2025-07-16,1.4941275251173331e-16,0.9934958266948393,True
2025-07-23,2.0247703745232616e-16,0.9935605921644353,True
2025-07-30,1.9078207257121914e-16,0.9934127961538612,True
2025-08-06,1.8894486315310293e-16,0.9933730436721283,True
2025-08-13,1.861622481356282e-16,0.9933094070301777,True
2025-08-20,2.0161727804261561e-16,0.9932407854348305,True
2025-08-27,1.850948337903154e-16,0.9930929212226282,True
2025-09-03,2.104849788901439e-16,0.9930521073905202,True
2025-09-10,1.9846901576063569e-16,0.9929857139044552,True
2025-09-17,2.4097253211633043e-16,0.9928883426611633,True
2025-09-24,2.6303365981550805e-16,0.9927615547477932,True
2025-10-01,2.3736287655835927e-16,0.9927471302619875,True
2025-10-08,2.598682875334434e-16,0.9926567892061922,True
2025-10-15,2.505834321136189e-16,0.9925896020570704,True
2025-10-22,3.0741658040755153e-16,0.9925333318503329,True
2025-10-29,2.721709687082076e-16,0.9925681634197957,True
2025-11-05,2.7611836108053753e-16,0.9925070311476086,True
2025-11-12,1.6791906255808954e-16,0.9925354126991404,True
2025-11-19,2.437730560816275e-16,0.9924381727351288,True
2025-11-26,3.5618343020049745e-16,0.9923786838209763,True
2025-12-03,1.9962479389573905e-16,0.9923401991287428,True
2025-12-10,2.4568055879721986e-16,0.9923317959579576,True
2025-12-17,1.3497784744581647e-16,0.9923109709629028,True
2025-12-24,1.4957981848580337e-16,0.9923364604990068,True
2025-12-31,1.4687682408827528e-16,0.992348345409205,True
2026-01-07,7.08117525276613e-17,0.9923357811134494,True
2026-01-14,8.022111791551176e-17,0.9923406348608754,True
2026-01-21,8.13458616791847e-17,0.9923488001957776,True
2026-01-28,7.752512268158735e-17,0.9923109187600667,True
2026-02-04,6.741614235399232e-17,0.9923106379866573,True
2026-02-11,5.239797617686116e-17,0.9923070337886126,True
2026-02-18,6.845747021070929e-17,0.992297777816294,True
2026-02-25,4.82737329620355e-17,0.9922085189357719,True
2026-03-04,0.00016060562777370652,0.9921236737459045,True
2026-03-11,1.5473791146148118e-05,0.9920444992441683,True
2026-03-18,0.004330253318112897,0.9920333533069352,True
2026-03-25,3.8902606678846606e-09,0.9917103456496033,True
2026-04-01,0.3021974000399238,0.9923215849290246,False
2026-04-08,0.23254225879292822,0.992092160987871,False
2026-04-15,0.7418840400297091,0.9919615679293425,False
2026-04-22,0.048295794693041856,0.99162082880291,True
2026-04-29,0.052667197487055305,0.9916136251710234,False
2026-05-06,0.056596388984347365,0.9915715776903361,False
2026-05-13,0.12616582643358404,0.9916407673062779,False
2026-05-20,0.0759037115439948,0.9918810044305388,False
2026-05-27,0.13346581104469174,0.991962755424362,False
2026-06-03,0.27673226746701407,0.992320562883745,False
2026-06-10,0.05053558148582271,0.9922542022866686,False
2026-06-17,0.2676596681880515,0.9924083841352017,False
2026-06-24,0.04416110630750751,0.992481915798815,True
2026-07-01,0.7969826088410188,0.9934625102070012,False
2026-07-08,0.7943370519221546,0.9934219711266778,False
2026-07-15,0.8488518923290298,0.9936299564049249,False
2026-07-22,4.956863220355448e-11,0.9936601977952876,True
2026-07-29,6.76796882426536e-11,0.9936432424455004,True
2026-08-05,2.8233770101175877e-11,0.9937084794045815,True
2026-08-12,2.3880079807387883e-11,0.9937041695423121,True
2026-08-19,2.2617741806479632e-11,0.9937044540549924,True
2026-08-26,2.6706188323797648e-11,0.993671161514885,True
2026-09-02,3.084091129900108e-11,0.9936283333069958,True
2026-09-09,3.141700489637055e-11,0.993551776083762,True
